<?xml version="1.0" encoding="UTF-8"?>
<!DOCTYPE configuration
  PUBLIC "-//mybatis.org//DTD Config 3.0//EN"
  "http://mybatis.org/dtd/mybatis-3-config.dtd">
<configuration>

 <properties resource="properties/jdbc.properties"></properties>
  <!--  进行列别名： oracle：同义词 -->
 <typeAliases>
    <package name="com.beans"/>
 </typeAliases>
 
 <typeHandlers>
  <typeHandler handler="com.util.SelfTypeHandle"/>
 </typeHandlers>
 
  <environments default="mysql">
    <!-- mysql的环境 -->
    <environment id="mysql">
      <transactionManager type="JDBC"/>
      <dataSource type="POOLED">
        <property name="driver" value="${mysql.driver}"/>
        <property name="url" value="${mysql.url}"/>
        <property name="username" value="${mysql.username}"/>
        <property name="password" value="${mysql.password}"/>
      </dataSource>
    </environment>
    
     <!-- oracle的环境 -->
    <environment id="oracle">
      <transactionManager type="JDBC"/>
      <dataSource type="POOLED">
        <property name="driver" value="com.mysql.jdbc.Driver"/>
        <property name="url" value="jdbc:mysql://127.0.0.1:3306/message"/>
        <property name="username" value="root"/>
        <property name="password" value="123456"/>
      </dataSource>
    </environment>
  </environments>
  
  <mappers>
      <package name="com.mapper"/>
  </mappers>
</configuration>


