<?xml version="1.0" encoding="UTF-8"?>
<!DOCTYPE mapper
  PUBLIC "-//mybatis.org//DTD Mapper 3.0//EN"
  "http://mybatis.org/dtd/mybatis-3-mapper.dtd">
  <mapper namespace="com.mapper.AddressMapper">
       
        <resultMap type="ReceiverAddress" id="getReceiverAddress">
          <id column="aid" property="id"/>
          <result column="tb_receiver" property="receiver"/>
          <result column="tb_address" property="address"/>
          <result column="tb_phone" property="phone"/>
          <result column="tb_tag" property="tag"/>
          <result column="tb_status" property="status"/>
        </resultMap>
  
        <select id="listAll"  resultMap="getReceiverAddress">
          select *  from receive_address order by tb_status desc
        </select>
        <!--   -->
        <insert id="addAdress" parameterType="ReceiverAddress">
          insert into  receive_address  values(null,#{receiver},#{address},#{phone},#{tag},#{status})
        </insert>
      
  
  </mapper>