<?xml version="1.0" encoding="UTF-8"?>
<!DOCTYPE mapper
  PUBLIC "-//mybatis.org//DTD Mapper 3.0//EN"
  "http://mybatis.org/dtd/mybatis-3-mapper.dtd">
  <mapper namespace="com.mapper.ClsMapper">
     <resultMap type="Cls" id="getCls">
       <!--  <id property="id" column="id"/> -->
        <id property="cno" column="cno"/>
        <result property="cname" column="cname"/>
         <!-- 一对一的关系 配置  -->
         <association property="teacher" javaType="com.beans.Teacher" >
               <id property="id"  column="tid"/>
               <result property="tname" column="tname"/>
               <result property="tsex" column="tsex"/>
               <result property="tage" column="tage"/>
         </association>
       
         <collection property="student" ofType="com.beans.Student">
           <id property="id" column="sid"/>
           <result property="sname" column="sname"/>
           <result property="sex" column="sex"/>
           <result property="sage" column="sage"/>
         </collection>
     
     </resultMap>
  
  
     <select id="listClsByCName" parameterType="string"  resultMap="getCls">
       select * from   student ,teacher,cls where  student.id=cls.sid and teacher.id=cls.tid    and  cno=#{cno}
     </select>  
     
     
     <insert id="addCls" parameterType="map">
       insert into cls values(null,#{cno},#{cname},#{tid},#{sid})
     </insert>
     
     
    <!--  <insert id="addCls" parameterType="map">
       insert into cls values(testQue_nexlval,#{cno},#{cname},#{tid},#{sid})
     </insert> -->
      
      
      <insert id="addStudent" useGeneratedKeys="true" keyProperty="id">
      
        insert into student values(null,#{sname},#{sex},#{sage})
      </insert>
      
      <insert id="addTeacher" useGeneratedKeys="true" keyProperty="id">
        insert into teacher values(null,#{tname},#{tsex},#{tage})
      </insert>
      
      
      <!--   *******************子查询的形式去装配********************** -->
      
      <resultMap type="Cls" id="getBySon">
         <id property="id" column="id"/>
         <result property="cno" column="cno"/>
         <result property="cname" column="cname"/>
         <association property="teacher" select="getTeacher" column="tid"></association>
         <collection property="student" ofType="com.beans.Student" select="getStudent" column="sid"></collection>
      </resultMap>
      
      <select  id="getClassByCno"  resultMap="getBySon">
         select *  from cls  where cno=#{cno}
      </select>
      
      
      <select id="getTeacher" resultType="Teacher">
       select  *  from  teacher  where id=#{id}
      </select>
      
      
      <select id="getStudent" resultType="Student">
       select *  from student where id=#{id}
      </select>
      
  </mapper>