<?xml version="1.0" encoding="UTF-8"?>
<!DOCTYPE mapper
  PUBLIC "-//mybatis.org//DTD Mapper 3.0//EN"
  "http://mybatis.org/dtd/mybatis-3-mapper.dtd">
  <mapper namespace="com.mapper.GoodsMapper">
       
       
      <!--  <select id="listAll" resultType="Goods">
        select *  from goods
       </select>
       
       <select id="listByType" resultType="Goods">
        selct *  from goods where gtype=#{gtype}
       </select> -->
       
       
       <sql id="commentParam">
          <if test="gtype!=null">
           and  gtype=#{gtype}
          </if>
          <if test="gprice!=null">
           and gprice >= #{gprice}
          </if>
          <if test="gname!=null">
               and gname like #{gname}
           <!-- and gname like '%${gname}%'; -->
          </if>
       </sql>
       
       <select id="listByParams" parameterType="map" resultType="Goods">
          select *  from goods   where 1=1
          <!-- <if test="gtype!=null">
           and  gtype=#{gtype}
          </if>
          <if test="gprice!=null">
           and gprice >= #{gprice}
          </if>
          <if test="gname!=null">
               and gname like #{gname}
           and gname like '%${gname}%';
          </if> -->
          <include refid="commentParam"></include>
          
         <choose>
           <when test="type==1">
             order by gprice desc
           </when>
           <when test="type==2">
             order by gnum
           </when>
         </choose>
         limit #{index},#{page}
       
       </select>
       
       
       <select id="getCount" resultType="int" parameterType="map">
         select count(*) from goods   where 1=1
        <!--   <if test="gtype!=null">
           and  gtype=#{gtype}
          </if>
          <if test="gprice!=null">
           and gprice >= #{gprice}
          </if>
          <if test="gname!=null">
               and gname like #{gname}
           and gname like '%${gname}%';
          </if> -->
          <include refid="commentParam"></include>
       </select>
       
  </mapper>